,keyword,learning_goal_id,learning_byte_id,type,learning_pathway_order
0,matter,4,306,graphic,1
1,matter,4,307,video,2
2,mole,84,1909,graphic,3
3,mole,84,331,graphic,4
4,mole,84,333,video,5
5,mole,84,389,assessment,6
6,mole,84,392,assessment,7
7,mole,84,1828,assessment,8
8,photoelectric effect,264,367,graphic,9
9,photoelectric effect,264,368,video,10
10,atom,7,10,assessment,11
11,atom,7,946,assessment,12
12,atom,7,2,text,13
13,atom,7,6,video,14
14,atom,7,311,video,15
15,atom,7,314,video,16
16,atom,7,753,video,17
17,atom,7,302,graphic,18
18,atom,7,931,graphic,19
19,atom,7,932,text,20
20,atom,7,944,graphic,21
21,atom,7,945,text,22
22,atom,7,987,graphic,23
23,atom,7,988,video,24
24,debroglie relationship,1223,1753,video,25
25,debroglie relationship,1223,1754,graphic,26
26,debroglie relationship,1223,477,graphic,27
27,debroglie relationship,1223,478,video,28
28,debroglie relationship,1223,658,text,29
29,debroglie relationship,1222,1927,text,30
30,debroglie relationship,1222,391,graphic,31
31,debroglie relationship,1222,388,graphic,32
32,debroglie relationship,1222,390,video,33
33,debroglie relationship,1222,475,graphic,34
34,debroglie relationship,1222,476,video,35
35,debroglie relationship,1222,657,text,36
36,atom,1296,1808,video,37
37,atom,1296,1809,graphic,38
38,atom,1296,1810,video,39
39,atom,1296,1811,graphic,40
40,atom,1296,943,assessment,41
41,atom,1296,14,video,42
42,atom,1296,4,graphic,43
43,atom,1296,755,video,44
44,atom,1296,931,graphic,45
45,atom,1296,313,graphic,46
46,atom,1296,939,video,47
47,atom,1296,940,video,48
48,atom,1296,941,graphic,49
49,atom,1296,932,text,50
50,atom,1296,1,video,51
51,atom,1296,972,graphic,52
52,atom,1296,976,graphic,53
53,atom,1296,1834,assessment,54
54,atom,1296,1835,assessment,55
55,atom,1296,954,video,56
56,atom,1296,955,graphic,57
57,atom,1296,956,video,58
58,atom,1296,957,graphic,59
59,atom,1296,958,video,60
60,atom,1296,953,graphic,61
61,atom,1296,343,graphic,62
62,atom,1296,344,video,63
63,atom,1296,1702,video,64
64,atom,1296,1703,graphic,65
65,quantum model,284,959,graphic,66
66,quantum model,284,960,video,67
67,electron,64,523,graphic,68
68,electron,64,524,video,69
69,electron,64,645,text,70
70,atom,1299,10,assessment,71
71,atom,1299,942,assessment,72
72,atom,1299,8,video,73
73,atom,1299,9,text,74
74,atom,1299,931,graphic,75
75,atom,1299,1830,assessment,76
76,atom,1299,1831,assessment,77
77,atom,1299,1832,assessment,78
78,atom,1301,304,video,79
79,atomic radius,1302,416,graphic,80
80,atomic radius,1302,417,video,81
81,atom,1301,302,graphic,82
82,atom,1301,974,graphic,83
83,atom,1301,975,video,84
84,atom,1301,1796,video,85
85,atom,1301,1797,graphic,86
86,neutron,60,12,assessment,87
87,nucleus,52,3,text,88
88,nucleus,52,754,video,89
89,nucleus,52,758,video,90
90,atomic mass,76,971,text,91
91,atomic number,1297,756,video,92
92,atomic number,1297,8,video,93
93,atomic number,70,313,graphic,94
94,atomic mass,1298,757,video,95
95,atomic mass,1298,973,graphic,96
96,atomic mass,1298,1845,text,97
97,atomic mass,1298,1864,graphic,98
98,atomic mass,1298,7,video,99
99,atomic mass,77,631,text,100
100,atomic mass,77,399,video,101
101,atomic mass,77,424,graphic,102
102,isotope,74,15,video,103
103,isotope,74,400,assessment,104
104,isotope,74,19,video,105
105,isotope,74,1846,text,106
106,isotope,74,1865,graphic,107
107,isotope,72,16,text,108
108,isotope,72,17,video,109
109,isotope,72,18,video,110
110,isotope,73,13,video,111
111,isotope,73,397,video,112
112,isotope,73,422,graphic,113
113,atomic mass,75,631,text,114
114,atomic mass,75,334,video,115
115,atomic mass,75,337,graphic,116
116,mass spectrum,80,400,assessment,117
117,mass spectrum,80,401,video,118
118,mass spectrum,80,403,assessment,119
119,mass spectrum,80,425,graphic,120
120,mass spectrum,80,20,video,121
121,mass spectrum,80,21,graphic,122
122,mass spectrum,80,952,text,123
123,mass spectrum,80,1829,assessment,124
124,mass spectrum,80,1837,assessment,125
125,mass spectrum,79,423,graphic,126
126,mass spectrum,79,629,text,127
127,mass spectrum,79,20,video,128
128,mass spectrum,79,21,graphic,129
129,mass spectrum,79,22,video,130
130,mass spectrum,79,952,text,131
131,molecular compound,92,979,graphic,132
132,molecular compound,92,980,video,133
133,ionic bond,385,366,video,134
134,ionic bond,385,1661,video,135
135,ionic bond,385,1662,graphic,136
136,ionic bond,385,1632,video,137
137,ionic bond,385,1633,graphic,138
138,molecular formula,113,1018,assessment,139
139,molecular formula,113,977,graphic,140
140,molecular formula,113,978,video,141
141,acid base equation,149,234,video,142
142,mole,83,534,text,143
143,mole,83,369,graphic,144
144,mole,83,374,assessment,145
145,mole,83,630,text,146
146,mole,83,1850,text,147
147,mole,83,1870,graphic,148
148,mole,83,1827,assessment,149
149,mole,83,1020,assessment,150
150,mole,83,1021,assessment,151
151,stoichiometry,121,332,video,152
152,mole,82,338,graphic,153
153,mole,82,339,video,154
154,mole,82,533,graphic,155
155,mole,82,335,graphic,156
156,mole,82,336,video,157
157,mole,82,1849,text,158
158,mole,82,1868,graphic,159
159,empirical formula,110,1848,text,160
160,empirical formula,110,1867,graphic,161
161,empirical formula,110,406,video,162
162,empirical formula,110,426,graphic,163
163,empirical formula,110,628,text,164
164,empirical formula,112,415,assessment,165
165,empirical formula,112,419,assessment,166
166,empirical formula,112,947,video,167
167,chemical equation,116,532,video,168
168,chemical equation,116,325,graphic,169
169,chemical equation,116,326,assessment,170
170,chemical equation,115,382,assessment,171
171,compound,1303,218,video,172
172,catalyst,654,372,graphic,173
173,catalyst,654,373,video,174
174,catalyst,654,375,video,175
175,stoichiometry,122,330,graphic,176
176,stoichiometry,1304,632,text,177
177,stoichiometry,1304,328,graphic,178
178,stoichiometry,1304,329,video,179
179,stoichiometry,120,533,graphic,180
180,stoichiometry,120,627,text,181
181,limiting reagent,128,365,assessment,182
182,limiting reagent,128,418,assessment,183
183,limiting reagent,126,327,video,184
184,limiting reagent,126,409,video,185
185,light,1200,427,video,186
186,light,1200,949,text,187
187,light,1200,428,graphic,188
188,light,253,438,video,189
189,electromagnetic radiation,255,427,video,190
190,electromagnetic radiation,255,949,text,191
191,electromagnetic radiation,255,948,graphic,192
192,electromagnetic radiation,255,357,graphic,193
193,electromagnetic radiation,255,358,video,194
194,electromagnetic radiation,255,969,graphic,195
195,electromagnetic radiation,255,970,video,196
196,electromagnetic radiation,255,1777,video,197
197,electromagnetic radiation,255,1778,graphic,198
198,electromagnetic radiation,255,1779,assessment,199
199,electromagnetic radiation,255,1780,assessment,200
200,photoelectric effect,265,1781,video,201
201,photoelectric effect,265,1782,graphic,202
202,electromagnetic radiation,256,429,video,203
203,electromagnetic radiation,256,431,graphic,204
204,electromagnetic radiation,256,950,text,205
205,electromagnetic radiation,256,359,graphic,206
206,electromagnetic radiation,256,360,video,207
207,electromagnetic radiation,256,991,graphic,208
208,electromagnetic radiation,256,992,video,209
209,light,1201,427,video,210
210,light,1198,948,graphic,211
211,wave/particle duality,277,393,video,212
212,wave/particle duality,277,461,graphic,213
213,wave/particle duality,277,462,video,214
214,wave/particle duality,277,473,graphic,215
215,wave/particle duality,277,474,video,216
216,wave/particle duality,277,656,text,218
217,wave/particle duality,277,965,graphic,219
218,wave/particle duality,277,966,video,220
219,wave/particle duality,277,1785,video,221
220,wave/particle duality,277,1786,graphic,222
221,wave/particle duality,277,351,graphic,223
222,wave/particle duality,277,352,video,224
223,wave/particle duality,277,355,graphic,225
224,wave/particle duality,277,356,video,226
225,quantum number,295,514,assessment,227
226,quantum number,295,497,graphic,228
227,quantum number,295,498,video,229
228,quantum number,295,463,graphic,230
229,quantum number,295,464,video,231
230,quantum number,295,465,graphic,232
231,quantum number,295,466,video,233
232,quantum number,295,634,text,234
233,quantum number,295,1716,video,235
234,quantum number,295,1717,graphic,236
235,quantum number,295,1718,video,237
236,quantum number,295,1719,graphic,238
237,quantum number,295,1720,assessment,239
238,quantum number,295,1721,assessment,240
239,quantum number,295,1722,assessment,241
240,quantum number,295,1723,assessment,242
241,quantum number,1235,495,graphic,243
242,quantum number,295,571,video,244
243,quantum number,1235,496,video,245
244,quantum number,1235,641,text,246
245,wave/particle duality,1306,962,video,247
246,wave/particle duality,1306,961,graphic,248
247,quantum number,1234,569,graphic,249
248,quantum model,1226,582,graphic,250
249,quantum model,1226,583,video,251
250,electron,65,459,assessment,252
251,orbital,338,442,graphic,253
252,orbital,338,443,video,254
253,orbital,338,698,assessment,255
254,orbital,338,1616,video,256
255,orbital,338,1617,graphic,257
256,orbital shape,342,499,assessment,258
257,wave function,292,386,graphic,259
258,wave function,292,387,video,260
259,wave function,292,410,graphic,261
260,wave function,292,411,video,262
261,wave function,292,439,graphic,263
262,wave function,292,440,video,264
263,wave function,292,480,graphic,265
264,wave function,292,481,video,266
265,wave function,292,640,text,267
266,wave function,292,1769,video,268
267,wave function,292,1770,graphic,269
268,wave function,292,1771,video,270
269,wave function,292,1772,graphic,271
270,wave function,292,1749,video,272
271,wave function,292,1724,video,273
272,wave function,292,1725,graphic,274
273,wave function,292,1726,assessment,275
274,wave function,292,1727,assessment,276
275,wave function,292,1728,assessment,277
276,wave function,292,1739,video,278
277,wave function,292,1740,graphic,279
278,wave function,292,1607,video,280
279,wave function,292,1608,graphic,281
280,wave function,293,383,graphic,282
281,wave function,293,384,video,283
282,wave function,293,489,video,284
283,wave function,293,490,graphic,285
284,wave function,293,405,graphic,286
285,wave function,293,407,video,287
286,wave function,293,637,text,288
287,wave function,293,1752,graphic,289
288,wave function,293,1741,video,290
289,wave function,293,1742,graphic,291
290,wave function,293,1743,video,292
291,wave function,293,1744,graphic,293
292,wave function,1232,394,graphic,294
293,wave function,1232,395,video,295
294,wave function,1232,483,assessment,296
295,wave function,1232,1773,video,297
296,wave function,1232,1774,graphic,298
297,wave function,1232,1775,video,299
298,wave function,1232,1776,graphic,300
299,wave function,1232,1751,video,301
300,wave function,1232,1750,graphic,302
301,wave function,1232,1755,video,303
302,wave function,1232,1756,graphic,304
303,wave function,1232,1757,video,305
304,wave function,1232,1758,graphic,306
305,wave function,1232,1731,video,307
306,wave function,1232,1732,graphic,308
307,wave function,1232,1737,video,309
308,wave function,1232,1738,graphic,310
309,wave function,1232,1609,video,311
310,wave function,1232,1610,graphic,312
311,wave function,1232,413,graphic,313
312,wave function,1232,414,video,314
313,wave function,1232,430,graphic,315
314,wave function,1232,432,video,316
315,wave function,1232,1733,video,317
316,wave function,1232,1734,graphic,318
317,wave function,1232,1735,video,319
318,wave function,1232,1736,graphic,320
319,wave function,1232,1729,video,321
320,wave function,1232,1730,graphic,322
321,orbital,336,467,graphic,323
322,orbital,336,468,video,324
323,orbital shape,342,503,video,325
324,orbital shape,342,641,text,326
325,orbital shape,342,469,graphic,327
326,orbital shape,342,470,video,328
327,orbital,335,1712,video,329
328,orbital,335,1713,graphic,330
329,orbital,335,1714,video,331
330,orbital,335,1715,graphic,332
331,orbital,335,491,video,333
332,orbital,335,492,graphic,334
333,orbital,335,444,graphic,335
334,orbital,335,445,video,336
335,orbital,335,638,text,337
336,orbital shape,1310,500,assessment,338
337,orbital shape,1310,999,assessment,339
338,orbital shape,1310,1057,assessment,340
339,pauli exclusion principle,332,1240,graphic,341
340,pauli exclusion principle,332,1241,video,342
341,pauli exclusion principle,332,1242,assessment,343
342,pauli exclusion principle,332,1243,graphic,344
343,pauli exclusion principle,332,1244,video,345
344,pauli exclusion principle,332,633,text,346
345,pauli exclusion principle,332,506,graphic,347
346,pauli exclusion principle,332,507,video,348
347,pauli exclusion principle,332,587,graphic,349
348,pauli exclusion principle,332,588,video,350
349,pauli exclusion principle,332,685,graphic,351
350,pauli exclusion principle,332,686,video,352
351,paramagnetism,330,512,assessment,353
352,paramagnetism,330,1680,video,354
353,paramagnetism,330,1681,graphic,355
354,paramagnetism,330,1682,assessment,356
355,paramagnetism,330,608,assessment,357
356,paramagnetism,330,603,assessment,358
357,effective nuclear charge,348,683,graphic,359
358,effective nuclear charge,348,684,video,360
359,effective nuclear charge,348,1093,graphic,361
360,effective nuclear charge,348,1094,video,362
361,electron configuration,353,513,assessment,363
362,ionization energy,372,525,graphic,364
363,ionization energy,372,526,video,365
364,ionization energy,372,530,assessment,366
365,ionization energy,372,635,text,367
366,ionization energy,372,520,assessment,368
367,ionization energy,372,535,video,369
368,ionization energy,372,537,video,370
369,ionization energy,372,555,video,371
370,ionization energy,372,556,graphic,372
371,ionization energy,372,662,text,373
372,ionization energy,372,565,video,374
373,ionization energy,372,1655,assessment,375
374,ionization energy,372,1653,video,376
375,ionization energy,372,1654,graphic,377
376,ionization energy,373,547,assessment,378
377,ionization energy,373,540,assessment,379
378,ionization energy,373,528,assessment,380
379,ionization energy,373,527,assessment,381
380,ionization energy,373,580,video,382
381,ionization energy,373,1003,assessment,383
382,ionization energy,373,687,graphic,384
383,ionization energy,373,688,video,385
384,ionization energy,373,689,graphic,386
385,ionization energy,373,690,video,387
386,ionization energy,373,1040,assessment,388
387,ionization energy,373,1044,assessment,389
388,ionization energy,373,1051,assessment,392
389,ionization energy,373,1090,assessment,393
390,periodic table,343,541,graphic,394
391,periodic table,343,542,video,395
392,periodic table,343,651,text,396
393,ionization energy,1242,558,assessment,397
394,ionization energy,374,529,assessment,398
395,ionization energy,374,494,assessment,399
396,ionization energy,374,543,video,400
397,ionization energy,374,544,graphic,401
398,ionization energy,374,647,text,402
399,ionization energy,374,1001,graphic,403
400,ionization energy,374,1002,video,404
401,ionization energy,374,1095,assessment,405
402,atomic radius,365,545,video,406
403,atomic radius,365,546,graphic,407
404,atomic radius,365,648,text,408
405,atomic radius,365,1058,assessment,409
406,electron affinity,376,1006,graphic,410
407,electron affinity,376,1007,video,411
408,electronegativity,410,1009,video,412
409,electronegativity,410,548,video,413
410,electronegativity,410,549,graphic,414
411,electronegativity,410,649,text,415
412,electronegativity,410,1008,graphic,416
413,electronegativity,410,1043,assessment,417
414,electronegativity,410,1045,assessment,418
415,ionic compound,100,366,video,421
416,ionic bond,383,553,video,422
417,ionic bond,383,554,graphic,423
418,ionic bond,383,661,text,424
419,ionic bond,383,567,video,425
420,ionic bond,383,568,graphic,426
421,ionic bond,384,557,assessment,427
422,ionic bond,384,1663,video,428
423,ionic bond,384,1664,graphic,429
424,ionic bond,384,1665,assessment,430
425,ionic bond,384,1666,assessment,431
426,octet rule,396,551,video,432
427,octet rule,396,552,graphic,433
428,octet rule,396,660,text,434
429,octet rule,396,691,graphic,435
430,lewis structure,394,563,assessment,436
431,lewis structure,395,564,assessment,437
432,bond order,420,589,assessment,438
433,bond order,419,572,assessment,439
434,covalent bond,389,1034,assessment,440
435,covalent bond,389,1685,video,441
436,covalent bond,389,1686,graphic,442
437,covalent bond,389,559,video,443
438,covalent bond,389,560,graphic,444
439,covalent bond,389,663,text,445
440,molecular orbital model,1385,667,text,446
441,molecular orbital model,1385,668,text,447
442,bond energy,1392,1804,video,448
443,bond energy,1392,1805,graphic,449
444,lewis structure,1381,1634,video,450
445,lewis structure,1381,1635,graphic,451
446,bond energy,1392,1638,video,452
447,bond energy,1392,1639,graphic,453
448,bond energy,1392,1640,assessment,454
449,lewis structure,1381,1641,video,455
450,bond angle,427,1642,assessment,456
451,bond energy,427,1642,assessment,456
452,molecular orbital model,1385,592,video,457
453,molecular orbital model,1385,593,graphic,458
454,molecular orbital model,1385,594,video,459
455,molecular orbital model,1385,595,graphic,460
456,covalent bond,390,1010,assessment,461
457,formal charge,406,1646,video,462
458,formal charge,406,1647,graphic,463
459,formal charge,406,1648,video,464
460,formal charge,406,1649,graphic,465
461,formal charge,406,577,video,466
462,formal charge,406,578,graphic,467
463,formal charge,406,581,assessment,468
464,formal charge,406,666,text,469
465,octet rule,403,561,video,470
466,octet rule,403,562,graphic,471
467,octet rule,403,664,text,472
468,electronegativity,409,550,assessment,473
469,electronegativity,409,1659,video,474
470,electronegativity,409,1660,graphic,475
471,common ion effect,747,938,graphic,476
472,acid strength,747,938,graphic,476
473,dipole moment,414,570,assessment,477
474,dipole moment,414,1628,video,478
475,dipole moment,414,1629,graphic,479
476,oxidation number,179,576,graphic,480
477,oxidation number,179,665,text,481
478,bond energy,426,851,video,482
479,bond energy,426,852,graphic,483
480,bond energy,426,853,text,484
481,bond energy,426,854,assessment,485
482,bond energy,1392,855,video,486
483,bond energy,426,856,graphic,487
484,bond energy,426,857,text,488
485,bond energy,426,864,assessment,489
486,bond angle,427,860,assessment,490
487,bond energy,427,860,assessment,490
488,enthalpy,230,859,video,491
489,enthalpy,230,861,assessment,492
490,enthalpy,230,865,graphic,493
491,enthalpy,230,866,text,494
492,enthalpy,230,848,assessment,495
493,enthalpy,230,821,video,496
494,enthalpy,230,822,graphic,497
495,enthalpy,230,823,text,498
496,enthalpy,230,830,video,499
497,bond angle,428,862,assessment,500
498,bond energy,428,862,assessment,500
499,bond polarity,430,1076,assessment,501
500,bond angle,430,1076,assessment,501
501,bond polarity,430,1077,graphic,502
502,bond angle,430,1077,graphic,502
503,bond polarity,430,1078,video,503
504,bond angle,430,1078,video,503
505,bond polarity,430,621,assessment,504
506,bond angle,430,621,assessment,504
507,valence bond theory,443,671,text,506
508,steric number,443,671,text,506
509,valence bond theory,443,609,video,507
510,steric number,443,609,video,507
511,valence bond theory,443,610,graphic,508
512,steric number,443,610,graphic,508
513,valence bond theory,444,625,assessment,509
514,steric number,444,625,assessment,509
515,molecular orbital model,455,667,text,510
516,molecular orbital model,455,599,video,511
517,molecular orbital model,455,600,graphic,512
518,molecular orbital model,455,1551,video,513
519,molecular orbital model,455,1552,graphic,514
520,molecular orbital model,455,1566,video,515
521,molecular orbital model,455,1567,graphic,516
522,molecular orbital model,455,1568,video,517
523,molecular orbital model,455,1569,graphic,518
524,molecular orbital model,455,1570,assessment,519
525,molecular orbital model,455,1571,assessment,520
526,molecular orbital model,455,1572,video,521
527,molecular orbital model,455,1573,graphic,522
528,molecular orbital model,455,1574,assessment,523
529,molecular orbital model,455,1587,video,524
530,molecular orbital model,455,1588,graphic,525
531,molecular orbital model,455,1593,video,526
532,molecular orbital model,455,1594,graphic,527
533,sigma bonding,457,1589,video,528
534,molecular orbital model,457,1589,video,528
535,sigma bonding,457,1590,graphic,529
536,molecular orbital model,457,1590,graphic,529
537,sigma bonding,457,1591,assessment,530
538,molecular orbital model,457,1591,assessment,530
539,sigma bonding,457,1592,assessment,531
540,molecular orbital model,457,1592,assessment,531
541,sigma bonding,457,597,video,532
542,molecular orbital model,457,597,video,532
543,sigma bonding,457,598,graphic,533
544,molecular orbital model,457,598,graphic,533
545,sigma bonding,457,602,graphic,534
546,molecular orbital model,457,602,graphic,534
547,sigma bonding,457,669,text,535
548,molecular orbital model,457,669,text,535
549,sigma bonding,457,670,text,536
550,molecular orbital model,457,670,text,536
551,sigma bonding,457,680,assessment,537
552,molecular orbital model,457,680,assessment,537
553,molecular orbital model,456,601,video,538
554,hybrid orbital,447,1605,video,539
555,orbital overlap,447,1605,video,539
556,hybrid orbital,447,1606,graphic,540
557,orbital overlap,447,1606,graphic,540
558,hybrid orbital,447,1581,video,543
559,orbital overlap,447,1581,video,543
560,hybrid orbital,447,1582,graphic,544
561,orbital overlap,447,1582,graphic,544
562,hybrid orbital,447,1583,video,545
563,orbital overlap,447,1583,video,545
564,hybrid orbital,447,1584,graphic,546
565,orbital overlap,447,1584,graphic,546
566,delocalized electron,461,677,video,547
567,pi bonding,461,677,video,547
568,delocalized electron,461,678,graphic,548
569,pi bonding,461,678,graphic,548
570,delocalized electron,461,679,text,549
571,pi bonding,461,679,text,549
572,delocalized electron,461,695,video,550
573,pi bonding,461,695,video,550
574,delocalized electron,461,696,graphic,551
575,pi bonding,461,696,graphic,551
576,delocalized electron,461,697,text,552
577,pi bonding,461,697,text,552
578,delocalized electron,461,701,video,553
579,pi bonding,461,701,video,553
580,delocalized electron,461,702,graphic,554
581,pi bonding,461,702,graphic,554
582,delocalized electron,461,703,text,555
583,pi bonding,461,703,text,555
584,delocalized electron,461,704,assessment,556
585,pi bonding,461,704,assessment,556
586,delocalized electron,461,1545,graphic,558
587,pi bonding,461,1545,graphic,558
588,delocalized electron,461,1546,video,559
589,pi bonding,461,1546,video,559
590,metals and semiconductors,462,596,assessment,560
591,pi bonding,462,596,assessment,560
592,metals and semiconductors,462,604,assessment,561
593,pi bonding,462,604,assessment,561
594,metals and semiconductors,462,1597,video,562
595,pi bonding,462,1597,video,562
596,metals and semiconductors,462,1598,graphic,563
597,pi bonding,462,1598,graphic,563
598,sigma bonding,458,1575,video,565
599,molecular orbital model,458,1575,video,565
600,sigma bonding,458,1576,graphic,566
601,molecular orbital model,458,1576,graphic,566
602,sigma bonding,458,1577,video,567
603,molecular orbital model,458,1577,video,567
604,sigma bonding,458,1578,graphic,568
605,molecular orbital model,458,1578,graphic,568
606,sigma bonding,458,1579,video,569
607,molecular orbital model,458,1579,video,569
608,sigma bonding,458,1580,graphic,570
609,molecular orbital model,458,1580,graphic,570
610,sigma bonding,458,1585,video,571
611,molecular orbital model,458,1585,video,571
612,sigma bonding,458,1586,graphic,572
613,molecular orbital model,458,1586,graphic,572
614,sigma bonding,458,605,assessment,573
615,molecular orbital model,458,605,assessment,573
616,sigma bonding,458,692,video,574
617,molecular orbital model,458,692,video,574
618,sigma bonding,458,693,graphic,575
619,molecular orbital model,458,693,graphic,575
620,sigma bonding,458,694,text,576
621,molecular orbital model,458,694,text,576
622,hybrid orbital,446,611,video,577
623,valence bond theory,446,611,video,577
624,hybrid orbital,446,612,graphic,578
625,valence bond theory,446,612,graphic,578
626,hybrid orbital,446,615,video,579
627,valence bond theory,446,615,video,579
628,hybrid orbital,446,616,graphic,580
629,valence bond theory,446,616,graphic,580
630,hybrid orbital,446,623,graphic,581
631,valence bond theory,446,623,graphic,581
632,hybrid orbital,446,672,text,582
633,valence bond theory,446,672,text,582
634,hybrid orbital,446,674,text,583
635,valence bond theory,446,674,text,583
636,hybrid orbital,446,676,text,584
637,valence bond theory,446,676,text,584
638,orbital overlap,445,606,assessment,585
639,valence bond theory,445,606,assessment,585
640,isomer,450,614,graphic,586
641,hybrid orbital,450,614,graphic,586
642,isomer,450,673,text,587
643,hybrid orbital,450,673,text,587
644,isomer,450,1611,video,588
645,hybrid orbital,450,1611,video,588
646,isomer,450,1612,graphic,589
647,hybrid orbital,450,1612,graphic,589
648,isomer,450,1613,assessment,590
649,hybrid orbital,450,1613,assessment,590
650,isomer,450,1614,video,591
651,hybrid orbital,450,1614,video,591
652,isomer,450,1615,graphic,592
653,hybrid orbital,450,1615,graphic,592
654,hybrid orbital,448,613,video,593
655,hybrid orbital,448,617,video,594
656,hybrid orbital,448,618,graphic,595
657,hybrid orbital,448,620,assessment,596
658,hybrid orbital,448,675,text,597
659,isomer,451,619,assessment,599
660,hybrid orbital,451,619,assessment,599
661,isomer,451,622,video,600
662,hybrid orbital,451,622,video,600
663,hybrid orbital,449,624,assessment,601
664,pressure,514,715,assessment,602
665,gas,514,715,assessment,602
666,pressure,514,736,video,603
667,gas,514,736,video,603
668,pressure,514,737,graphic,604
669,gas,514,737,graphic,604
670,pressure,514,738,text,605
671,gas,514,738,text,605
672,gas properties,510,765,video,606
673,gas,510,765,video,606
674,work,209,1540,assessment,607
675,work,209,282,graphic,608
676,work,209,283,video,609
677,work,209,1518,video,610
678,work,209,1519,graphic,611
679,work,209,1134,assessment,612
680,work,209,1125,assessment,613
681,work,209,1320,video,614
682,work,209,1415,video,615
683,work,209,1416,graphic,616
684,work,209,1417,video,617
685,work,209,1418,graphic,618
686,work,209,106,graphic,619
687,work,209,107,video,620
688,work,209,792,text,621
689,work,209,797,assessment,622
690,work,209,804,video,623
691,work,209,809,assessment,624
692,work,209,155,graphic,625
693,work,209,156,graphic,626
694,work,209,186,video,627
695,work,209,188,video,628
696,gas properties,512,1292,assessment,629
697,gas,512,1292,assessment,629
698,heat,205,841,video,630
699,heat,205,842,graphic,631
700,heat,205,843,text,632
701,heat,205,800,video,633
702,first law of thermodynamics,196,1537,text,634
703,first law of thermodynamics,196,1538,graphic,635
704,first law of thermodynamics,196,790,text,636
705,first law of thermodynamics,196,1857,graphic,637
706,first law of thermodynamics,196,1318,graphic,638
707,first law of thermodynamics,196,104,graphic,639
708,first law of thermodynamics,196,105,video,640
709,first law of thermodynamics,196,801,graphic,641
710,first law of thermodynamics,196,808,assessment,642
711,work,207,1374,video,643
712,work,207,1375,graphic,644
713,work,207,1376,video,645
714,work,207,1377,graphic,646
715,work,207,791,video,647
716,work,207,793,graphic,648
717,work,207,794,video,649
718,work,207,795,text,650
719,work,207,798,video,651
720,work,207,799,graphic,652
721,work,207,802,text,653
722,gas properties,509,1112,assessment,654
723,gas,509,1112,assessment,654
724,kinetic energy,535,730,video,655
725,kinetic molecular theory,535,730,video,655
726,kinetic energy,535,731,graphic,656
727,kinetic molecular theory,535,731,graphic,656
728,kinetic energy,535,732,text,657
729,kinetic molecular theory,535,732,text,657
730,kinetic energy,535,733,video,658
731,kinetic molecular theory,535,733,video,658
732,kinetic energy,535,734,graphic,659
733,kinetic molecular theory,535,734,graphic,659
734,kinetic energy,535,735,text,660
735,kinetic molecular theory,535,735,text,660
736,kinetic energy,534,1118,assessment,661
737,kinetic molecular theory,534,1118,assessment,661
738,kinetic energy,534,1193,graphic,662
739,kinetic molecular theory,534,1193,graphic,662
740,kinetic energy,534,1194,video,663
741,kinetic molecular theory,534,1194,video,663
742,kinetic energy,534,1195,graphic,664
743,kinetic molecular theory,534,1195,graphic,664
744,kinetic energy,534,1196,video,665
745,kinetic molecular theory,534,1196,video,665
746,kinetic energy,534,1197,assessment,666
747,kinetic molecular theory,534,1197,assessment,666
748,kinetic energy,534,1222,video,667
749,kinetic molecular theory,534,1222,video,667
750,ideal gas law,521,728,assessment,668
751,gas law,521,728,assessment,668
752,ideal gas law,521,726,assessment,669
753,gas law,521,726,assessment,669
754,ideal gas law,521,725,assessment,670
755,gas law,521,725,assessment,670
756,ideal gas law,521,1211,graphic,672
757,gas law,521,1211,graphic,672
758,ideal gas law,521,1212,video,673
759,gas law,521,1212,video,673
760,ideal gas law,521,1213,assessment,674
761,gas law,521,1213,assessment,674
762,ideal gas law,521,705,video,675
763,gas law,521,705,video,675
764,ideal gas law,521,706,graphic,676
765,gas law,521,706,graphic,676
766,ideal gas law,521,707,text,677
767,gas law,521,707,text,677
768,ideal gas law,521,708,video,678
769,gas law,521,708,video,678
770,ideal gas law,521,709,graphic,679
771,gas law,521,709,graphic,679
772,ideal gas law,521,710,text,680
773,gas law,521,710,text,680
774,ideal gas law,521,719,video,681
775,gas law,521,719,video,681
776,ideal gas law,521,720,graphic,682
777,gas law,521,720,graphic,682
778,ideal gas law,521,721,text,683
779,gas law,521,721,text,683
780,ideal gas law,521,759,graphic,684
781,gas law,521,759,graphic,684
782,ideal gas law,521,760,text,685
783,gas law,521,760,text,685
784,ideal gas law,521,761,video,686
785,gas law,521,761,video,686
786,combined gas law,519,727,assessment,687
787,boyle's law,519,727,assessment,687
788,combined gas law,519,1107,assessment,689
789,boyle's law,519,1107,assessment,689
790,combined gas law,519,1206,video,690
791,boyle's law,519,1206,video,690
792,boyle's law,517,1205,graphic,691
793,pressure,517,1205,graphic,691
794,boyle's law,517,1209,assessment,692
795,pressure,517,1209,assessment,692
796,heat,204,805,video,693
797,heat,204,806,graphic,694
798,heat,204,807,text,695
799,avogadro's law,520,1108,assessment,696
800,charles's law,520,1108,assessment,696
801,gas constant,524,712,video,697
802,gas law,524,712,video,697
803,gas constant,524,713,graphic,698
804,gas law,524,713,graphic,698
805,gas constant,524,714,text,699
806,gas law,524,714,text,699
807,charles's law,518,1106,assessment,700
808,gas law,518,1106,assessment,700
809,charles's law,518,1207,graphic,701
810,gas law,518,1207,graphic,701
811,charles's law,518,1208,video,702
812,gas law,518,1208,video,702
813,charles's law,518,1210,assessment,703
814,gas law,518,1210,assessment,703
815,root mean square speed,540,1216,video,704
816,kinetic energy (molar),540,1216,video,704
817,root mean square speed,540,1217,assessment,705
818,kinetic energy (molar),540,1217,assessment,705
819,root mean square speed,540,1218,graphic,706
820,kinetic energy (molar),540,1218,graphic,706
821,root mean square speed,540,1219,assessment,707
822,kinetic energy (molar),540,1219,assessment,707
823,root mean square speed,540,1220,assessment,708
824,kinetic energy (molar),540,1220,assessment,708
825,ideal gas law,523,1214,graphic,709
826,gas law,523,1214,graphic,709
827,ideal gas law,523,1215,video,710
828,gas law,523,1215,video,710
829,equilibrium constant,692,1454,video,712
830,equilibrium constant,692,1455,graphic,713
831,equilibrium constant,692,1164,assessment,714
832,pressure,513,729,assessment,715
833,gas,513,729,assessment,715
834,pressure,513,711,video,716
835,gas,513,711,video,716
836,partial pressure,528,1234,graphic,717
837,partial pressure,528,1235,video,718
838,partial pressure,528,1119,assessment,719
839,partial pressure,528,1120,assessment,720
840,partial pressure,528,1121,assessment,721
841,partial pressure,528,1122,assessment,722
842,maxwell-boltzmann distribution,542,101,video,724
843,root mean square speed,542,101,video,724
844,maxwell-boltzmann distribution,542,47,graphic,725
845,root mean square speed,542,47,graphic,725
846,maxwell-boltzmann distribution,542,48,video,726
847,root mean square speed,542,48,video,726
848,maxwell-boltzmann distribution,542,50,video,727
849,root mean square speed,542,50,video,727
850,maxwell-boltzmann distribution,542,1224,graphic,728
851,root mean square speed,542,1224,graphic,728
852,maxwell-boltzmann distribution,542,1225,video,729
853,root mean square speed,542,1225,video,729
854,maxwell-boltzmann distribution,542,1226,assessment,730
855,root mean square speed,542,1226,assessment,730
856,maxwell-boltzmann distribution,542,744,assessment,731
857,root mean square speed,542,744,assessment,731
858,maxwell-boltzmann distribution,543,53,graphic,732
859,root mean square speed,543,53,graphic,732
860,maxwell-boltzmann distribution,543,54,video,733
861,root mean square speed,543,54,video,733
862,maxwell-boltzmann distribution,543,55,graphic,734
863,root mean square speed,543,55,graphic,734
864,maxwell-boltzmann distribution,543,56,video,735
865,root mean square speed,543,56,video,735
866,maxwell-boltzmann distribution,543,65,graphic,736
867,root mean square speed,543,65,graphic,736
868,maxwell-boltzmann distribution,543,66,video,737
869,root mean square speed,543,66,video,737
870,maxwell-boltzmann distribution,543,743,assessment,738
871,root mean square speed,543,743,assessment,738
872,real gas,546,67,graphic,739
873,real gas,546,68,video,740
874,real gas,546,787,assessment,741
875,entropy,786,1337,video,742
876,entropy,786,1338,graphic,743
877,entropy,786,1339,video,744
878,entropy,786,1340,graphic,745
879,entropy,786,1341,assessment,746
880,entropy,786,1342,assessment,747
881,entropy,786,1349,video,748
882,entropy,786,1350,graphic,749
883,entropy,786,1351,video,750
884,entropy,786,1352,graphic,751
885,entropy,786,870,assessment,752
886,entropy,786,883,assessment,753
887,entropy,786,128,graphic,754
888,entropy,786,129,video,755
889,entropy,786,130,graphic,756
890,entropy,786,131,video,757
891,entropy,786,162,graphic,758
892,entropy,786,195,video,759
893,entropy,786,1293,graphic,760
894,entropy,786,1294,video,761
895,entropy,786,122,graphic,762
896,entropy,786,123,video,763
897,entropy,786,911,video,764
898,entropy,786,867,video,765
899,entropy,786,868,graphic,766
900,entropy,786,869,text,767
901,entropy,786,885,assessment,768
902,entropy,786,886,assessment,769
903,entropy,786,205,graphic,770
904,boltzmann constant,1250,1289,graphic,771
905,boltzmann constant,1250,1290,video,772
906,boltzmann constant,1250,1201,graphic,773
907,boltzmann constant,1250,1202,video,774
908,temperature,27,816,video,775
909,temperature,27,1295,assessment,776
910,temperature,27,1203,graphic,777
911,temperature,27,1204,video,778
912,temperature,27,716,video,779
913,temperature,27,717,graphic,780
914,temperature,27,718,text,781
915,first law of thermodynamics,196,1537,text,782
916,first law of thermodynamics,196,1538,graphic,783
917,first law of thermodynamics,196,790,text,784
918,first law of thermodynamics,196,1857,graphic,785
919,first law of thermodynamics,196,1318,graphic,786
920,first law of thermodynamics,196,104,graphic,787
921,first law of thermodynamics,196,105,video,788
922,first law of thermodynamics,196,801,graphic,789
923,first law of thermodynamics,196,808,assessment,790
924,molar kinetic energy,537,1221,graphic,791
925,kinetic energy,537,1221,graphic,791
926,molar kinetic energy,537,739,assessment,792
927,kinetic energy,537,739,assessment,792
928,root mean square speed,538,1116,assessment,793
929,kinetic energy,538,1116,assessment,793
930,root mean square speed,538,1117,assessment,794
931,kinetic energy,538,1117,assessment,794
932,root mean square speed,538,1223,assessment,795
933,kinetic energy,538,1223,assessment,795
934,root mean square speed,538,751,video,796
935,kinetic energy,538,751,video,796
936,maxwell-boltzmann distribution,1251,1282,graphic,797
937,maxwell-boltzmann distribution,1251,1283,video,798
938,maxwell-boltzmann distribution,1251,1284,graphic,799
939,maxwell-boltzmann distribution,1251,1285,video,800
940,maxwell-boltzmann distribution,1251,1286,graphic,801
941,maxwell-boltzmann distribution,1251,1287,video,802
942,maxwell-boltzmann distribution,1251,745,video,803
943,maxwell-boltzmann distribution,1251,746,graphic,804
944,maxwell-boltzmann distribution,1251,747,text,805
945,maxwell-boltzmann distribution,1251,748,video,806
946,maxwell-boltzmann distribution,1251,749,assessment,807
947,maxwell-boltzmann distribution,1251,752,assessment,808
948,diffusion,545,46,graphic,809
949,maxwell-boltzmann distribution,545,46,graphic,809
950,diffusion,545,49,graphic,810
951,maxwell-boltzmann distribution,545,49,graphic,810
952,diffusion,545,51,graphic,811
953,maxwell-boltzmann distribution,545,51,graphic,811
954,diffusion,545,52,video,812
955,maxwell-boltzmann distribution,545,52,video,812
956,diffusion,545,57,graphic,813
957,maxwell-boltzmann distribution,545,57,graphic,813
958,diffusion,545,58,video,814
959,maxwell-boltzmann distribution,545,58,video,814
960,diffusion,545,59,graphic,815
961,maxwell-boltzmann distribution,545,59,graphic,815
962,diffusion,545,60,video,816
963,maxwell-boltzmann distribution,545,60,video,816
964,diffusion,545,61,graphic,817
965,maxwell-boltzmann distribution,545,61,graphic,817
966,diffusion,545,62,video,818
967,maxwell-boltzmann distribution,545,62,video,818
968,diffusion,545,63,graphic,819
969,maxwell-boltzmann distribution,545,63,graphic,819
970,diffusion,545,64,video,820
971,maxwell-boltzmann distribution,545,64,video,820
972,diffusion,545,1227,assessment,821
973,maxwell-boltzmann distribution,545,1227,assessment,821
974,diffusion,545,1228,graphic,822
975,maxwell-boltzmann distribution,545,1228,graphic,822
976,diffusion,545,1229,video,823
977,maxwell-boltzmann distribution,545,1229,video,823
978,diffusion,545,1230,graphic,824
979,maxwell-boltzmann distribution,545,1230,graphic,824
980,diffusion,545,1231,video,825
981,maxwell-boltzmann distribution,545,1231,video,825
982,root mean square speed,1248,1114,assessment,826
983,root mean square speed,1248,1115,assessment,827
984,root mean square speed,1248,740,video,828
985,root mean square speed,1248,741,graphic,829
986,root mean square speed,1248,742,text,830
987,root mean square speed,1248,750,assessment,831
988,dipole-dipole force,550,1245,graphic,832
989,dipole-dipole force,550,1246,video,833
990,real gas,1253,1236,graphic,834
991,real gas,1253,1237,video,835
992,intermolecular forces,549,1238,graphic,836
993,intermolecular forces,549,1239,video,837
994,intermolecular forces,549,1252,graphic,838
995,boiling point,562,1306,graphic,839
996,vapor pressure,562,1306,graphic,839
997,boiling point,562,1307,video,840
998,vapor pressure,562,1307,video,840
999,boiling point,562,69,graphic,841
1000,vapor pressure,562,69,graphic,841
1001,boiling point,562,70,video,842
1002,vapor pressure,562,70,video,842
1003,boiling point,562,79,graphic,843
1004,vapor pressure,562,79,graphic,843
1005,boiling point,562,80,video,844
1006,vapor pressure,562,80,video,844
1007,boiling point,562,1300,graphic,845
1008,vapor pressure,562,1300,graphic,845
1009,boiling point,562,1301,video,846
1010,vapor pressure,562,1301,video,846
1011,boiling point,562,75,graphic,847
1012,vapor pressure,562,75,graphic,847
1013,boiling point,562,76,video,848
1014,vapor pressure,562,76,video,848
1015,boiling point,562,920,video,849
1016,vapor pressure,562,920,video,849
1017,boiling point,562,921,graphic,850
1018,vapor pressure,562,921,graphic,850
1019,boiling point,562,922,text,851
1020,vapor pressure,562,922,text,851
1021,boiling point,562,766,graphic,852
1022,vapor pressure,562,766,graphic,852
1023,boiling point,562,767,text,853
1024,vapor pressure,562,767,text,853
1025,boiling point,562,768,video,854
1026,vapor pressure,562,768,video,854
1027,boiling point,562,1143,assessment,855
1028,vapor pressure,562,1143,assessment,855
1029,real gas,1252,762,graphic,856
1030,real gas,1252,763,text,857
1031,real gas,1252,764,video,858
1032,intermolecular forces,1254,1271,graphic,859
1033,intermolecular forces,1254,1272,video,860
1034,intermolecular forces,1254,1273,graphic,861
1035,intermolecular forces,1254,1274,video,862
1036,intermolecular forces,1254,1277,video,863
1037,intermolecular forces,1254,1278,graphic,864
1038,intermolecular forces,1254,1279,graphic,865
1039,intermolecular forces,1254,1280,video,866
1040,intermolecular forces,1254,1281,assessment,867
1041,intermolecular forces,1254,1288,assessment,868
1042,intermolecular forces,1254,24,graphic,869
1043,intermolecular forces,1254,25,video,870
1044,intermolecular forces,1254,774,text,871
1045,intermolecular forces,1254,775,video,872
1046,intermolecular forces,1254,773,graphic,873
1047,intermolecular forces,1254,776,video,874
1048,intermolecular forces,1254,777,graphic,875
1049,intermolecular forces,1254,770,graphic,876
1050,intermolecular forces,1254,771,text,877
1051,intermolecular forces,1254,772,video,878
1052,intermolecular forces,1254,778,text,879
1053,intermolecular forces,1254,786,assessment,880
1054,intermolecular forces,1254,1198,graphic,881
1055,intermolecular forces,1254,1199,video,882
1056,intermolecular forces,1254,1200,assessment,883
1057,boiling point,1263,779,assessment,884
1058,states of matter,10,769,video,885
1059,phase,10,769,video,885
1060,states of matter,10,158,graphic,886
1061,phase,10,158,graphic,886
1062,states of matter,10,190,video,887
1063,phase,10,190,video,887
1064,states of matter,10,1419,video,888
1065,phase,10,1419,video,888
1066,states of matter,10,1420,graphic,889
1067,phase,10,1420,graphic,889
1068,states of matter,10,813,assessment,890
1069,phase,10,813,assessment,890
1070,states of matter,10,877,video,891
1071,phase,10,877,video,891
1072,states of matter,10,878,graphic,892
1073,phase,10,878,graphic,892
1074,states of matter,10,879,text,893
1075,phase,10,879,text,893
1076,london force,554,1254,graphic,894
1077,london force,554,1255,video,895
1078,london force,554,1256,graphic,896
1079,london force,554,1257,video,897
1080,london force,553,1258,graphic,898
1081,dipole-dipole force,553,1258,graphic,898
1082,london force,553,1259,video,899
1083,dipole-dipole force,553,1259,video,899
1084,london force,553,26,graphic,900
1085,dipole-dipole force,553,26,graphic,900
1086,london force,553,27,video,901
1087,dipole-dipole force,553,27,video,901
1088,hydrogen bond,555,1266,assessment,902
1089,london force,555,1266,assessment,902
1090,hydrogen bond,555,34,graphic,903
1091,london force,555,34,graphic,903
1092,hydrogen bond,555,35,video,904
1093,london force,555,35,video,904
1094,london force,1257,1261,graphic,905
1095,london force,1257,1262,video,906
1096,london force,1257,1263,assessment,907
1097,london force,1257,36,video,908
1098,london force,1257,37,graphic,909
1099,viscosity,570,1421,video,910
1100,surface tension,570,1421,video,910
1101,viscosity,570,97,graphic,911
1102,surface tension,570,97,graphic,911
1103,viscosity,570,98,graphic,912
1104,surface tension,570,98,graphic,912
1105,viscosity,570,159,graphic,913
1106,surface tension,570,159,graphic,913
1107,viscosity,570,191,video,914
1108,surface tension,570,191,video,914
1109,viscosity,570,160,graphic,915
1110,surface tension,570,160,graphic,915
1111,viscosity,570,192,video,916
1112,surface tension,570,192,video,916
1113,liquid properties,558,1265,video,917
1114,hydrogen bond,558,1265,video,917
1115,liquid properties,558,1264,graphic,918
1116,hydrogen bond,558,1264,graphic,918
1117,liquid properties,558,1269,graphic,919
1118,hydrogen bond,558,1269,graphic,919
1119,liquid properties,558,1270,video,920
1120,hydrogen bond,558,1270,video,920
1121,liquid properties,558,38,graphic,921
1122,hydrogen bond,558,38,graphic,921
1123,liquid properties,558,39,video,922
1124,hydrogen bond,558,39,video,922
1125,hydrogen bond,1259,1267,graphic,923
1126,hydrogen bond,1259,1268,video,924
1127,hydrogen bond,1259,1275,graphic,926
1128,hydrogen bond,1259,1276,video,927
1129,hydrogen bond,1259,40,graphic,928
1130,hydrogen bond,1259,41,video,929
1131,condensation,223,1298,graphic,930
1132,condensation,223,1299,video,931
1133,intermolecular forces,1255,1253,video,932
1134,intermolecular forces,1255,1291,video,933
1135,vaporization,219,1329,graphic,934
1136,vaporization,219,1330,video,935
1137,sublimation,225,785,assessment,936
1138,sublimation,225,1347,video,937
1139,sublimation,225,1348,graphic,938
1140,work,209,1540,assessment,939
1141,work,209,282,graphic,940
1142,work,209,283,video,941
1143,work,209,1518,video,942
1144,work,209,1519,graphic,943
1145,work,209,1134,assessment,944
1146,work,209,1125,assessment,945
1147,work,209,1320,video,946
1148,work,209,1415,video,947
1149,work,209,1416,graphic,948
1150,work,209,1417,video,949
1151,work,209,1418,graphic,950
1152,work,209,106,graphic,951
1153,work,209,107,video,952
1154,work,209,792,text,953
1155,work,209,797,assessment,954
1156,work,209,804,video,955
1157,work,209,809,assessment,956
1158,work,209,155,graphic,957
1159,work,209,156,graphic,958
1160,work,209,186,video,959
1161,work,209,188,video,960
1162,work,206,1124,assessment,961
1163,work,206,1319,graphic,962
1164,heat,205,841,video,963
1165,heat,205,842,graphic,964
1166,heat,205,843,text,965
1167,heat,205,800,video,966
1168,thermodynamic system,210,1819,text,967
1169,thermodynamic system,210,1820,graphic,968
1170,thermodynamic system,210,1401,video,969
1171,thermodynamic system,210,1402,graphic,970
1172,thermodynamic system,210,810,video,971
1173,thermodynamic system,210,811,graphic,972
1174,thermodynamic system,210,812,text,973
1175,thermodynamic system,210,814,graphic,974
1176,thermodynamic system,210,815,text,975
1177,thermodynamic system,210,1132,assessment,976
1178,heat,203,1321,graphic,977
1179,heat,203,1322,video,978
1180,heat,203,108,graphic,979
1181,heat,203,109,video,980
1182,heat,203,803,assessment,981
1183,heat,203,145,graphic,982
1184,heat,203,176,video,983
1185,work,207,1374,video,984
1186,work,207,1375,graphic,985
1187,work,207,1376,video,986
1188,work,207,1377,graphic,987
1189,work,207,791,video,988
1190,work,207,793,graphic,989
1191,work,207,794,video,990
1192,work,207,795,text,991
1193,work,207,798,video,992
1194,work,207,799,graphic,993
1195,work,207,802,text,994
1196,heat capacity,213,1130,assessment,995
1197,heat capacity,213,1325,graphic,996
1198,heat capacity,213,1326,video,997
1199,heat capacity,213,1327,assessment,998
1200,heat capacity,213,1328,assessment,999
1201,heat capacity,213,110,graphic,1000
1202,heat capacity,213,111,video,1001
1203,thermodynamic system,211,1851,text,1002
1204,thermodynamic system,211,1853,graphic,1003
1205,thermodynamic system,211,1855,text,1004
1206,thermodynamic system,211,1856,graphic,1005
1207,thermodynamic system,211,1312,graphic,1006
1208,thermodynamic system,211,1313,video,1007
1209,heat capacity,214,1133,assessment,1008
1210,heat capacity,214,1127,assessment,1009
1211,heat capacity,214,1128,assessment,1010
1212,heat capacity,214,1129,assessment,1011
1213,heat capacity,214,835,assessment,1012
1214,heat capacity,214,836,assessment,1013
1215,heat capacity,214,844,assessment,1014
1216,heat capacity,214,849,assessment,1015
1217,heat capacity,212,1323,graphic,1016
1218,heat capacity,212,1324,video,1017
1219,heat capacity,212,832,video,1018
1220,heat capacity,212,833,graphic,1019
1221,heat capacity,212,834,text,1020
1222,heat capacity,212,1852,text,1021
1223,heat capacity,212,1854,graphic,1022
1224,first law of thermodynamics,196,1537,text,1023
1225,first law of thermodynamics,196,1538,graphic,1024
1226,first law of thermodynamics,196,790,text,1025
1227,first law of thermodynamics,196,1857,graphic,1026
1228,first law of thermodynamics,196,1318,graphic,1027
1229,first law of thermodynamics,196,104,graphic,1028
1230,first law of thermodynamics,196,105,video,1029
1231,first law of thermodynamics,196,801,graphic,1030
1232,first law of thermodynamics,196,808,assessment,1031
1233,work,208,1378,video,1032
1234,work,208,1379,graphic,1033
1235,work,208,796,graphic,1034
1236,work,208,144,graphic,1035
1237,work,208,175,video,1036
1238,work,207,1374,video,1037
1239,work,207,1375,graphic,1038
1240,work,207,1376,video,1039
1241,work,207,1377,graphic,1040
1242,work,207,791,video,1041
1243,work,207,793,graphic,1042
1244,work,207,794,video,1043
1245,work,207,795,text,1044
1246,work,207,798,video,1045
1247,work,207,799,graphic,1046
1248,work,207,802,text,1047
1249,enthalpy,229,1380,video,1048
1250,enthalpy,229,1381,graphic,1049
1251,enthalpy,229,1384,video,1050
1252,enthalpy,229,1385,graphic,1051
1253,enthalpy,229,1386,video,1052
1254,enthalpy,229,1387,graphic,1053
1255,enthalpy,229,1388,assessment,1054
1256,enthalpy,229,1389,video,1055
1257,enthalpy,229,1390,graphic,1056
1258,enthalpy,229,1391,assessment,1057
1259,enthalpy,229,1392,assessment,1058
1260,enthalpy,229,1393,assessment,1059
1261,enthalpy,229,177,video,1060
1262,enthalpy,229,178,video,1061
1263,enthalpy,229,146,graphic,1062
1264,enthalpy,229,147,graphic,1063
1265,enthalpy,226,1333,graphic,1064
1266,enthalpy,226,1334,video,1065
1267,enthalpy,226,118,graphic,1066
1268,enthalpy,226,119,video,1067
1269,enthalpy,230,859,video,1068
1270,enthalpy,230,861,assessment,1069
1271,enthalpy,230,865,graphic,1070
1272,enthalpy,230,866,text,1071
1273,enthalpy,230,848,assessment,1072
1274,enthalpy,230,821,video,1073
1275,enthalpy,230,822,graphic,1074
1276,enthalpy,230,823,text,1075
1277,enthalpy,230,830,video,1076
1278,enthalpy,227,1331,graphic,1077
1279,enthalpy,227,1332,video,1078
1280,enthalpy,227,114,graphic,1079
1281,enthalpy,227,115,video,1080
1282,enthalpy,227,116,graphic,1081
1283,enthalpy,227,117,video,1082
1284,enthalpy,234,1356,assessment,1083
1285,enthalpy,234,1355,assessment,1084
1286,enthalpy,234,1353,video,1085
1287,enthalpy,234,1354,graphic,1086
1288,enthalpy,231,850,assessment,1087
1289,enthalpy,231,824,video,1088
1290,enthalpy,231,825,graphic,1089
1291,enthalpy,231,826,text,1090
1292,enthalpy,231,831,assessment,1091
1293,enthalpy,231,179,video,1092
1294,enthalpy,231,148,graphic,1093
1295,enthalpy,231,149,video,1094
1296,enthalpy,231,150,graphic,1095
1297,enthalpy,231,180,video,1096
1298,hess's law,241,845,video,1098
1299,hess's law,241,846,graphic,1099
1300,hess's law,241,847,text,1100
1301,enthalpy,232,855,video,1101
1302,enthalpy,232,858,graphic,1102
1303,enthalpy,232,828,video,1103
1304,enthalpy,232,829,assessment,1104
1305,enthalpy,232,153,graphic,1106
1306,enthalpy,232,183,video,1107
1307,entropy,788,1394,video,1108
1308,entropy,788,1395,graphic,1109
1309,entropy,788,1382,video,1110
1310,entropy,788,1383,graphic,1111
1311,entropy,788,887,assessment,1112
1312,entropy,787,89,graphic,1113
1313,entropy,787,152,graphic,1114
1314,entropy,787,182,video,1115
1315,entropy,787,1314,video,1116
1316,entropy,787,1315,graphic,1117
1317,entropy,787,871,video,1118
1318,entropy,787,872,video,1119
1319,entropy,787,873,graphic,1120
1320,entropy,787,874,text,1121
1321,entropy,787,875,video,1122
1322,entropy,787,876,graphic,1123
1323,entropy,787,884,assessment,1124
1324,second law of thermodynamics,796,1365,video,1125
1325,spontaneous,796,1365,video,1125
1326,second law of thermodynamics,796,1366,graphic,1126
1327,spontaneous,796,1366,graphic,1126
1328,second law of thermodynamics,796,1367,assessment,1127
1329,spontaneous,796,1367,assessment,1127
1330,second law of thermodynamics,796,1368,graphic,1128
1331,spontaneous,796,1368,graphic,1128
1332,second law of thermodynamics,796,1369,video,1129
1333,spontaneous,796,1369,video,1129
1334,spontaneous,789,880,video,1130
1335,entropy,789,880,video,1130
1336,spontaneous,789,881,graphic,1131
1337,entropy,789,881,graphic,1131
1338,spontaneous,789,882,text,1132
1339,entropy,789,882,text,1132
1340,spontaneous,789,900,assessment,1133
1341,entropy,789,900,assessment,1133
1342,spontaneous,789,83,graphic,1134
1343,entropy,789,83,graphic,1134
1344,spontaneous,789,84,video,1135
1345,entropy,789,84,video,1135
1346,spontaneous,789,1335,video,1136
1347,entropy,789,1335,video,1136
1348,spontaneous,789,1336,graphic,1137
1349,entropy,789,1336,graphic,1137
1350,free energy,802,1370,video,1138
1351,second law of thermodynamics,802,1370,video,1138
1352,free energy,802,1371,graphic,1139
1353,second law of thermodynamics,802,1371,graphic,1139
1354,second law of thermodynamics,795,127,video,1140
1355,spontaneous,795,127,video,1140
1356,second law of thermodynamics,795,1146,assessment,1141
1357,spontaneous,795,1146,assessment,1141
1358,second law of thermodynamics,795,1147,assessment,1142
1359,spontaneous,795,1147,assessment,1142
1360,second law of thermodynamics,795,120,graphic,1143
1361,spontaneous,795,120,graphic,1143
1362,second law of thermodynamics,795,121,video,1144
1363,spontaneous,795,121,video,1144
1364,spontaneous,791,1343,video,1145
1365,entropy,791,1343,video,1145
1366,spontaneous,791,1344,graphic,1146
1367,entropy,791,1344,graphic,1146
1368,spontaneous,790,151,graphic,1147
1369,entropy,790,151,graphic,1147
1370,spontaneous,790,181,video,1148
1371,entropy,790,181,video,1148
1372,spontaneous,790,1431,video,1151
1373,entropy,790,1431,video,1151
1374,spontaneous,790,1432,graphic,1152
1375,entropy,790,1432,graphic,1152
1376,entropy,786,1337,video,1153
1377,entropy,786,1338,graphic,1154
1378,entropy,786,1339,video,1155
1379,entropy,786,1340,graphic,1156
1380,entropy,786,1341,assessment,1157
1381,entropy,786,1342,assessment,1158
1382,entropy,786,1349,video,1159
1383,entropy,786,1350,graphic,1160
1384,entropy,786,1351,video,1161
1385,entropy,786,1352,graphic,1162
1386,entropy,786,870,assessment,1163
1387,entropy,786,883,assessment,1164
1388,entropy,786,128,graphic,1165
1389,entropy,786,129,video,1166
1390,entropy,786,130,graphic,1167
1391,entropy,786,131,video,1168
1392,entropy,786,162,graphic,1169
1393,entropy,786,195,video,1170
1394,entropy,786,1293,graphic,1171
1395,entropy,786,1294,video,1172
1396,entropy,786,122,graphic,1173
1397,entropy,786,123,video,1174
1398,entropy,786,911,video,1175
1399,entropy,786,867,video,1176
1400,entropy,786,868,graphic,1177
1401,entropy,786,869,text,1178
1402,entropy,786,885,assessment,1179
1403,entropy,786,886,assessment,1180
1404,entropy,786,205,graphic,1181
1405,entropy,785,124,graphic,1182
1406,entropy,785,125,video,1183
1407,free energy,1399,1843,text,1184
1408,free energy,1399,1844,graphic,1185
1409,entropy,785,1136,assessment,1186
1410,entropy,785,1345,video,1187
1411,entropy,785,1346,graphic,1188
1412,reversible process,794,1429,video,1189
1413,entropy,794,1429,video,1189
1414,reversible process,794,1430,graphic,1190
1415,entropy,794,1430,graphic,1190
1416,reversible process,794,94,graphic,1191
1417,entropy,794,94,graphic,1191
1418,reversible process,794,1135,assessment,1192
1419,entropy,794,1135,assessment,1192
1420,reversible process,794,1372,video,1195
1421,entropy,794,1372,video,1195
1422,reversible process,794,1373,graphic,1196
1423,entropy,794,1373,graphic,1196
1424,reversible process,794,134,graphic,1197
1425,entropy,794,134,graphic,1197
1426,reversible process,794,135,video,1198
1427,entropy,794,135,video,1198
1428,voltaic cell,808,1359,video,1199
1429,free energy,808,1359,video,1199
1430,voltaic cell,808,1360,graphic,1200
1431,free energy,808,1360,graphic,1200
1432,voltaic cell,808,1363,assessment,1201
1433,free energy,808,1363,assessment,1201
1434,voltaic cell,808,1364,assessment,1202
1435,free energy,808,1364,assessment,1202
1436,voltaic cell,808,906,video,1203
1437,free energy,808,906,video,1203
1438,voltaic cell,808,907,graphic,1204
1439,free energy,808,907,graphic,1204
1440,voltaic cell,808,908,text,1205
1441,free energy,808,908,text,1205
1442,voltaic cell,809,1396,video,1207
1443,free energy,809,1396,video,1207
1444,voltaic cell,809,1397,video,1208
1445,free energy,809,1397,video,1208
1446,voltaic cell,809,1398,graphic,1209
1447,free energy,809,1398,graphic,1209
1448,voltaic cell,809,1361,assessment,1210
1449,free energy,809,1361,assessment,1210
1450,voltaic cell,809,1362,assessment,1211
1451,free energy,809,1362,assessment,1211
1452,voltaic cell,809,912,assessment,1212
1453,free energy,809,912,assessment,1212
1454,voltaic cell,809,913,assessment,1213
1455,free energy,809,913,assessment,1213
1456,voltaic cell,809,914,assessment,1214
1457,free energy,809,914,assessment,1214
1458,voltaic cell,809,910,video,1215
1459,free energy,809,910,video,1215
1460,free energy,805,1148,assessment,1216
1461,free energy,803,903,video,1217
1462,third law of thermodynamics,803,903,video,1217
1463,free energy,803,904,graphic,1218
1464,third law of thermodynamics,803,904,graphic,1218
1465,free energy,803,905,text,1219
1466,third law of thermodynamics,803,905,text,1219
1467,free energy,805,894,video,1220
1468,free energy,805,895,graphic,1221
1469,free energy,805,896,text,1222
1470,free energy,805,902,assessment,1223
1471,free energy,805,1442,video,1224
1472,free energy,805,1443,graphic,1225
1473,free energy,805,1411,video,1226
1474,free energy,805,1412,graphic,1227
1475,free energy,805,1413,video,1228
1476,free energy,805,1414,graphic,1229
1477,free energy,805,1405,video,1230
1478,free energy,805,1406,graphic,1231
1479,free energy,1399,891,video,1232
1480,free energy,1399,892,text,1233
1481,free energy,1399,893,graphic,1234
1482,voltaic cell,806,897,video,1235
1483,free energy,806,897,video,1235
1484,voltaic cell,806,898,graphic,1236
1485,free energy,806,898,graphic,1236
1486,voltaic cell,806,899,text,1237
1487,free energy,806,899,text,1237
1488,voltaic cell,806,90,graphic,1238
1489,free energy,806,90,graphic,1238
1490,voltaic cell,806,91,video,1239
1491,free energy,806,91,video,1239
1492,entropy,786,1337,video,1240
1493,entropy,786,1338,graphic,1241
1494,entropy,786,1339,video,1242
1495,entropy,786,1340,graphic,1243
1496,entropy,786,1341,assessment,1244
1497,entropy,786,1342,assessment,1245
1498,entropy,786,1349,video,1246
1499,entropy,786,1350,graphic,1247
1500,entropy,786,1351,video,1248
1501,entropy,786,1352,graphic,1249
1502,entropy,786,870,assessment,1250
1503,entropy,786,883,assessment,1251
1504,entropy,786,128,graphic,1252
1505,entropy,786,129,video,1253
1506,entropy,786,130,graphic,1254
1507,entropy,786,131,video,1255
1508,entropy,786,162,graphic,1256
1509,entropy,786,195,video,1257
1510,entropy,786,1293,graphic,1258
1511,entropy,786,1294,video,1259
1512,entropy,786,122,graphic,1260
1513,entropy,786,123,video,1261
1514,entropy,786,911,video,1262
1515,entropy,786,867,video,1263
1516,entropy,786,868,graphic,1264
1517,entropy,786,869,text,1265
1518,entropy,786,885,assessment,1266
1519,entropy,786,886,assessment,1267
1520,entropy,786,205,graphic,1268
1521,vapor pressure,1261,1304,assessment,1269
1522,vapor pressure,1261,784,assessment,1270
1523,phase diagram,1268,1302,graphic,1271
1524,phase diagram,1268,1303,video,1272
1525,colloid,592,1305,graphic,1273
1526,phase diagram,592,1305,graphic,1273
1527,colloid,592,1308,video,1274
1528,phase diagram,592,1308,video,1274
1529,colloid,592,1309,assessment,1275
1530,phase diagram,592,1309,assessment,1275
1531,colloid,592,1310,graphic,1276
1532,phase diagram,592,1310,graphic,1276
1533,colloid,592,1311,video,1277
1534,phase diagram,592,1311,video,1277
1535,colloid,592,1296,graphic,1278
1536,phase diagram,592,1296,graphic,1278
1537,colloid,592,1297,video,1279
1538,phase diagram,592,1297,video,1279
1539,colloid,592,71,graphic,1280
1540,phase diagram,592,71,graphic,1280
1541,colloid,592,72,video,1281
1542,phase diagram,592,72,video,1281
1543,colloid,592,73,graphic,1282
1544,phase diagram,592,73,graphic,1282
1545,colloid,592,74,video,1283
1546,phase diagram,592,74,video,1283
1547,colloid,592,81,graphic,1284
1548,phase diagram,592,81,graphic,1284
1549,colloid,592,82,video,1285
1550,phase diagram,592,82,video,1285
1551,colloid,592,780,video,1286
1552,phase diagram,592,780,video,1286
1553,colloid,592,781,graphic,1287
1554,phase diagram,592,781,graphic,1287
1555,colloid,592,782,text,1288
1556,phase diagram,592,782,text,1288
1557,colloid,592,783,assessment,1289
1558,phase diagram,592,783,assessment,1289
1559,colloid,592,888,video,1290
1560,phase diagram,592,888,video,1290
1561,colloid,592,889,graphic,1291
1562,phase diagram,592,889,graphic,1291
1563,colloid,592,890,text,1292
1564,phase diagram,592,890,text,1292
1565,colloid,592,901,assessment,1293
1566,phase diagram,592,901,assessment,1293
1567,colloid,592,77,graphic,1294
1568,phase diagram,592,77,graphic,1294
1569,colloid,592,78,video,1295
1570,phase diagram,592,78,video,1295
1571,critical temperature,575,1422,video,1296
1572,critical temperature,575,1423,graphic,1297
1573,critical temperature,575,1424,assessment,1298
1574,critical temperature,575,1425,video,1299
1575,critical temperature,575,1426,graphic,1300
1576,reaction quotient,679,1433,video,1302
1577,reaction quotient,679,1434,graphic,1303
1578,reaction quotient,679,1444,video,1304
1579,reaction quotient,679,1445,graphic,1305
1580,reaction quotient,679,1446,assessment,1306
1581,reaction quotient,679,1449,assessment,1307
1582,reaction quotient,679,222,graphic,1308
1583,reaction quotient,679,225,video,1309
1584,ka,705,1166,assessment,1310
1585,le chatelier's principle,705,1166,assessment,1310
1586,ka,705,1456,video,1311
1587,le chatelier's principle,705,1456,video,1311
1588,ka,705,1457,graphic,1312
1589,le chatelier's principle,705,1457,graphic,1312
1590,ka,705,1482,video,1313
1591,le chatelier's principle,705,1482,video,1313
1592,ka,705,1483,graphic,1314
1593,le chatelier's principle,705,1483,graphic,1314
1594,ka,705,1484,assessment,1315
1595,le chatelier's principle,705,1484,assessment,1315
1596,ka,705,1485,assessment,1316
1597,le chatelier's principle,705,1485,assessment,1316
1598,ka,705,1486,assessment,1317
1599,le chatelier's principle,705,1486,assessment,1317
1600,ka,705,219,graphic,1318
1601,le chatelier's principle,705,219,graphic,1318
1602,ka,705,220,graphic,1319
1603,le chatelier's principle,705,220,graphic,1319
1604,ka,705,223,video,1320
1605,le chatelier's principle,705,223,video,1320
1606,ka,705,224,video,1321
1607,le chatelier's principle,705,224,video,1321
1608,le chatelier's principle,697,1167,assessment,1322
1609,equilibrium constant,697,1167,assessment,1322
1610,voltaic cell,810,1399,video,1323
1611,free energy,810,1399,video,1323
1612,voltaic cell,810,1400,graphic,1324
1613,free energy,810,1400,graphic,1324
1614,voltaic cell,810,93,video,1325
1615,free energy,810,93,video,1325
1616,voltaic cell,810,207,graphic,1326
1617,free energy,810,207,graphic,1326
1618,voltaic cell,810,212,video,1327
1619,free energy,810,212,video,1327
1620,voltaic cell,810,213,video,1328
1621,free energy,810,213,video,1328
1622,voltaic cell,810,1156,assessment,1330
1623,free energy,810,1156,assessment,1330
1624,equilibrium constant,681,1435,video,1331
1625,equilibrium constant,681,1439,graphic,1332
1626,equilibrium,674,928,assessment,1333
1627,reaction quotient,680,1436,graphic,1334
1628,reaction quotient,680,1458,video,1335
1629,reaction quotient,680,1459,assessment,1336
1630,reaction quotient,680,168,graphic,1337
1631,reaction quotient,680,169,video,1338
1632,reaction quotient,680,1435,video,1339
1633,reaction quotient,680,1460,assessment,1340
1634,reaction quotient,680,1461,assessment,1341
1635,reaction quotient,680,1447,video,1342
1636,reaction quotient,680,1448,graphic,1343
1637,reaction quotient,680,1437,video,1344
1638,reaction quotient,680,1438,graphic,1345
1639,reaction quotient,680,930,assessment,1346
1640,equilibrium,675,925,video,1347
1641,equilibrium,675,926,graphic,1348
1642,equilibrium,1394,927,text,1349
1643,equilibrium constant,694,1162,assessment,1351
1644,equilibrium constant,685,1440,video,1352
1645,reaction quotient,685,1440,video,1352
1646,equilibrium constant,685,1441,graphic,1353
1647,reaction quotient,685,1441,graphic,1353
1648,equilibrium constant,685,1462,assessment,1354
1649,reaction quotient,685,1462,assessment,1354
1650,equilibrium constant,685,915,video,1355
1651,reaction quotient,685,915,video,1355
1652,equilibrium constant,685,916,graphic,1356
1653,reaction quotient,685,916,graphic,1356
1654,equilibrium constant,685,917,text,1357
1655,reaction quotient,685,917,text,1357
1656,equilibrium constant,685,211,graphic,1358
1657,reaction quotient,685,211,graphic,1358
1658,equilibrium constant,685,217,video,1359
1659,reaction quotient,685,217,video,1359
1660,equilibrium constant,685,1168,assessment,1360
1661,reaction quotient,685,1168,assessment,1360
1662,equilibrium constant,685,1169,assessment,1361
1663,reaction quotient,685,1169,assessment,1361
1664,equilibrium constant,685,1165,assessment,1364
1665,reaction quotient,685,1165,assessment,1364
1666,equilibrium constant,689,929,assessment,1366
1667,equilibrium constant,689,216,video,1367
1668,le chatelier's principle,699,1452,video,1368
1669,equilibrium constant,699,1452,video,1368
1670,le chatelier's principle,699,1453,graphic,1369
1671,equilibrium constant,699,1453,graphic,1369
1672,equilibrium,672,924,assessment,1371
1673,equilibrium,672,918,video,1372
1674,equilibrium,672,919,graphic,1373
1675,equilibrium constant,684,923,assessment,1374
1676,reaction quotient,684,923,assessment,1374
1677,equilibrium constant,684,1450,video,1375
1678,reaction quotient,684,1450,video,1375
1679,equilibrium constant,684,1451,graphic,1376
1680,reaction quotient,684,1451,graphic,1376
1681,equilibrium constant,684,99,graphic,1377
1682,reaction quotient,684,99,graphic,1377
1683,equilibrium constant,684,100,text,1378
1684,reaction quotient,684,100,text,1378
1685,equilibrium constant,684,140,graphic,1379
1686,reaction quotient,684,140,graphic,1379
1687,equilibrium constant,684,209,graphic,1380
1688,reaction quotient,684,209,graphic,1380
1689,ph,720,237,video,1381
1690,conjugate pair,720,237,video,1381
1691,acids and bases,150,1495,video,1382
1692,acids and bases,150,1496,graphic,1383
1693,acids and bases,150,1467,video,1384
1694,acids and bases,150,1468,graphic,1385
1695,acids and bases,150,1469,assessment,1386
1696,autoionization,717,317,graphic,1387
1697,bronsted-lowry acid,717,317,graphic,1387
1698,autoionization,717,318,video,1388
1699,bronsted-lowry acid,717,318,video,1388
1700,conjugate pair,714,236,graphic,1389
1701,bronsted-lowry definition,714,236,graphic,1389
1702,pka,722,1480,video,1390
1703,water solution,722,1480,video,1390
1704,pka,722,1481,graphic,1391
1705,water solution,722,1481,graphic,1391
1706,ka and kb,727,1174,assessment,1392
1707,ph,727,1174,assessment,1392
1708,ka and kb,727,1177,assessment,1393
1709,ph,727,1177,assessment,1393
1710,ka and kb,727,1176,assessment,1394
1711,ph,727,1176,assessment,1394
1712,ka and kb,727,1175,assessment,1395
1713,ph,727,1175,assessment,1395
1714,ka and kb,727,1487,video,1396
1715,ph,727,1487,video,1396
1716,ka and kb,727,1488,graphic,1397
1717,ph,727,1488,graphic,1397
1718,ka and kb,726,1173,assessment,1398
1719,ph,726,1173,assessment,1398
1720,acid base equation,151,1504,video,1399
1721,acid base equation,151,1505,graphic,1400
1722,acid base equation,151,1506,assessment,1401
1723,acid base equation,151,1507,assessment,1402
1724,acid base equation,151,252,video,1403
1725,acid base equation,151,253,graphic,1404
1726,buffer,754,1179,assessment,1405
1727,common ion effect,754,1179,assessment,1405
1728,common ion effect,746,238,graphic,1406
1729,acid strength,746,238,graphic,1406
1730,acids and bases,1403,240,video,1407
1731,common ion effect,746,1497,video,1408
1732,acid strength,746,1497,video,1408
1733,common ion effect,746,1498,graphic,1409
1734,acid strength,746,1498,graphic,1409
1735,acid strength,741,1477,video,1410
1736,hydrolysis,741,1477,video,1410
1737,acid strength,741,1478,graphic,1411
1738,hydrolysis,741,1478,graphic,1411
1739,acid strength,741,1479,assessment,1412
1740,hydrolysis,741,1479,assessment,1412
1741,acid strength,741,936,text,1413
1742,hydrolysis,741,936,text,1413
1743,acid strength,741,937,assessment,1414
1744,hydrolysis,741,937,assessment,1414
1745,acid strength,741,1470,video,1415
1746,hydrolysis,741,1470,video,1415
1747,acid strength,741,1471,graphic,1416
1748,hydrolysis,741,1471,graphic,1416
1749,acid strength,741,1472,assessment,1417
1750,hydrolysis,741,1472,assessment,1417
1751,ka and kb,725,1489,video,1418
1752,autoionization,725,1489,video,1418
1753,ka and kb,725,1490,graphic,1419
1754,autoionization,725,1490,graphic,1419
1755,acid base equation,1300,233,graphic,1420
1756,acid base equation,1300,933,graphic,1421
1757,acid base equation,1300,934,video,1422
1758,acid base equation,1300,935,text,1423
1759,acid base equation,1300,1463,video,1424
1760,acid base equation,1300,1464,graphic,1425
1761,acid base equation,1300,1465,video,1426
1762,acid base equation,1300,1466,graphic,1427
1763,ksp,773,1493,video,1428
1764,ph indicator,773,1493,video,1428
1765,ksp,773,1494,graphic,1429
1766,ph indicator,773,1494,graphic,1429
1767,titration of weak acid with strong base,757,1180,assessment,1430
1768,buffer,757,1180,assessment,1430
1769,titration of weak acid with strong base,757,1181,assessment,1431
1770,buffer,757,1181,assessment,1431
1771,titration of weak acid with strong base,757,1182,assessment,1432
1772,buffer,757,1182,assessment,1432
1773,titration of weak acid with strong base,757,1184,assessment,1433
1774,buffer,757,1184,assessment,1433
1775,titration of weak acid with strong base,757,1185,assessment,1434
1776,buffer,757,1185,assessment,1434
1777,titration of weak acid with strong base,757,1186,assessment,1435
1778,buffer,757,1186,assessment,1435
1779,titration of weak acid with strong base,757,1187,assessment,1436
1780,buffer,757,1187,assessment,1436
1781,titration of weak acid with strong base,757,1188,assessment,1437
1782,buffer,757,1188,assessment,1437
1783,titration of weak acid with strong base,758,1191,assessment,1439
1784,buffer,758,1191,assessment,1439
1785,titration of weak acid with strong base,759,1499,video,1440
1786,buffer,759,1499,video,1440
1787,titration of weak acid with strong base,759,1500,graphic,1441
1788,buffer,759,1500,graphic,1441
1789,titration of weak acid with strong base,759,1839,text,1442
1790,buffer,759,1839,text,1442
1791,titration of weak acid with strong base,759,1840,graphic,1443
1792,buffer,759,1840,graphic,1443
1793,titration of weak acid with strong base,759,266,graphic,1444
1794,buffer,759,266,graphic,1444
1795,titration of weak acid with strong base,759,267,video,1445
1796,buffer,759,267,video,1445
1797,ksp,774,1192,assessment,1446
1798,ph indicator,774,1192,assessment,1446
1799,ph,721,1475,video,1447
1800,pka,721,1475,video,1447
1801,ph,721,1476,graphic,1448
1802,pka,721,1476,graphic,1448
1803,ph,721,1491,video,1449
1804,pka,721,1491,video,1449
1805,ph,721,1492,graphic,1450
1806,pka,721,1492,graphic,1450
1807,ph,721,254,graphic,1451
1808,pka,721,254,graphic,1451
1809,ph,721,255,video,1452
1810,pka,721,255,video,1452
1811,acid strength,740,242,video,1455
1812,polyprotic acid,740,242,video,1455
1813,acid strength,1405,243,graphic,1456
1814,oxidizing agent,170,322,assessment,1457
1815,redox,176,301,graphic,1458
1816,redox,176,303,video,1459
1817,redox,176,324,assessment,1460
1818,redox,176,284,graphic,1461
1819,redox,176,285,video,1462
1820,redox,176,1516,video,1463
1821,redox,176,1517,graphic,1464
1822,redox,174,1522,video,1465
1823,redox,174,1523,graphic,1466
1824,redox,174,278,graphic,1467
1825,redox,174,279,video,1468
1826,oxidizing agent,171,320,video,1469
1827,redox,175,276,graphic,1470
1828,redox,175,277,video,1471
1829,redox,175,1512,video,1472
1830,redox,175,1513,graphic,1473
1831,redox,175,1514,video,1474
1832,redox,175,1515,graphic,1475
1833,redox,175,221,graphic,1476
1834,redox,175,226,video,1477
1835,redox,175,235,assessment,1478
1836,redox,175,239,assessment,1479
1837,redox,175,268,assessment,1480
1838,redox,175,280,graphic,1481
1839,redox,175,281,video,1482
1840,redox,175,538,video,1483
1841,redox,175,539,graphic,1484
1842,redox,175,650,text,1485
1843,enthalpy of solution,611,827,assessment,1486
1844,oxidation,167,312,assessment,1487
1845,faraday's constant,833,296,graphic,1488
1846,electrolysis,833,296,graphic,1488
1847,faraday's constant,833,297,video,1489
1848,electrolysis,833,297,video,1489
1849,electrolysis,829,248,graphic,1490
1850,cell potential,829,248,graphic,1490
1851,electrolysis,829,288,graphic,1491
1852,cell potential,829,288,graphic,1491
1853,electrolysis,829,289,video,1492
1854,cell potential,829,289,video,1492
1855,conductivity,132,204,graphic,1493
1856,conductivity,132,206,video,1494
1857,conductivity,132,210,assessment,1495
1858,conductivity,132,269,graphic,1496
1859,conductivity,132,270,video,1497
1860,conductivity,132,1501,video,1498
1861,conductivity,132,1502,graphic,1499
1862,conductivity,132,1503,assessment,1500
1863,voltaic cell,812,1520,video,1501
1864,voltaic cell,812,1521,graphic,1502
